GLCMcorrelation,GlobalEntropy,LBPentropy,EdgeDensity,EnergyRatio,SpectralVariance,Mean_RGB,Std_RGB,Skew_RGB,Label
0.9324679,5.839577,14.45231,0.2148823,0.7511404,1.63277,58.45194,21.13783,1.198435,0
0.918674,6.53944,11.48552,0.2168367,0.7644868,1.275443,47.81522,29.13848,1.258098,0
0.9442621,7.201598,13.93749,0.2222577,0.7694752,1.249636,82.34536,44.56813,0.02349316,0
0.9684923,6.014904,4.352518,0.2078566,0.7645301,1.176649,78.08433,41.78768,-0.9960157,0
0.935281,7.292916,9.320901,0.1827168,0.7718158,1.188211,89.14146,47.16202,0.01636559,0
0.9720048,7.175088,10.20167,0.1887755,0.7678544,1.243529,79.23732,61.75801,0.539227,0
0.9567716,7.396526,6.325187,0.2031949,0.7679924,1.111413,108.3822,71.00929,-0.08006491,0
0.901223,7.172687,11.131,0.2133291,0.7752891,0.8294508,62.48441,41.96662,0.9220762,0
0.9733966,7.298926,10.12778,0.1862245,0.7734768,1.129184,118.2606,43.77668,-0.1044138,0
0.9227658,6.997342,11.09621,0.2350128,0.770843,1.025773,71.75683,42.95805,1.007569,0
0.9468793,7.304579,11.92986,0.1827168,0.7745085,1.24206,120.6827,51.56219,-0.5287604,0
0.9524121,7.01249,11.5738,0.2302296,0.7699506,1.420349,83.53823,46.78424,0.08267763,0
0.8931378,6.389451,13.0329,0.2008929,0.7603791,1.25303,53.77471,28.04009,1.488152,0
0.7824696,6.732678,11.75843,0.2274368,0.7758794,1.019806,45.36391,31.10908,0.8016413,0
0.9557924,4.218375,5.39819,0.1878189,0.7648199,1.498494,199.2842,82.47295,-1.14897,0
0.9688058,6.740019,10.32817,0.2079082,0.7671339,1.610957,172.9304,37.82302,-1.79748,0
0.8883128,6.764739,11.12122,0.2484056,0.7833843,1.106814,146.946,47.06144,-0.5340378,0
0.8970038,7.070327,15.96562,0.1827168,0.7762049,1.375131,108.8657,43.55704,-0.5903044,0
0.9494004,7.522051,11.87248,0.2203444,0.7687826,1.258609,137.4686,70.59818,-0.6322048,0
0.9255736,7.443093,13.02096,0.1989796,0.7675874,1.317637,102.4449,54.83288,0.7001721,0
0.9544224,6.604395,11.30074,0.1941964,0.7640205,1.433248,99.35455,43.025,-0.9844906,0
0.9332346,7.179187,12.37067,0.2142857,0.7632414,1.508032,75.23889,53.28569,0.5365414,0
0.9467535,6.26255,8.997082,0.1859056,0.7678087,1.336707,85.50748,39.61706,0.1114365,0
0.8983011,7.447138,14.11874,0.1865434,0.7769586,1.236482,110.9364,60.04884,0.01193523,0
0.9177227,7.278899,8.585363,0.1616071,0.7716174,1.497792,90.11536,61.54554,1.00651,0
0.9161074,6.920976,14.17108,0.1881378,0.7661459,1.326664,176.1994,40.01457,-1.296546,0
0.9599628,7.252728,10.63818,0.1702806,0.770371,1.85176,78.84438,68.38145,1.00703,0
0.9318052,7.303872,13.50576,0.174426,0.7649416,1.522783,148.3406,65.72556,-0.6807926,0
0.929876,7.45951,12.09172,0.2098214,0.7732362,1.297231,109.3786,58.75466,-0.1811296,0
0.9690853,6.699493,10.86435,0.1734391,0.7626891,1.473256,133.43,63.04475,-0.6963623,0
0.9556996,6.925554,9.844069,0.1795281,0.7704363,1.403426,131.0755,71.52377,-0.739778,0
0.9609683,7.142268,8.830717,0.1691617,0.745277,1.905013,91.14964,55.23091,0.3071322,0
0.9803729,6.961777,9.373741,0.2008929,0.7647949,1.434203,123.6043,47.74337,-0.8105111,0
0.7512596,7.231817,14.60252,0.244898,0.7758158,1.09153,88.6202,35.81789,0.5627874,0
0.9582734,7.66745,12.02046,0.1734694,0.7754066,1.052607,118.5694,72.2855,-0.106409,0
0.9385442,6.772727,11.76974,0.1623087,0.7596158,1.356292,47.9038,39.70858,1.30254,0
0.8943952,6.988877,15.86424,0.2276786,0.7659243,1.297326,74.76439,36.90837,0.9136587,0
0.8423056,6.429864,16.18516,0.2130102,0.7658572,1.267795,50.27744,26.78059,2.341727,0
0.8590354,7.310833,10.03509,0.2270408,0.7812231,0.8441219,91.88804,54.20594,0.3744901,0
0.9614164,6.859888,16.22567,0.2037628,0.7590168,1.401184,79.86794,42.27245,0.7029453,0
0.9124622,7.626404,15.27859,0.1793236,0.7729474,1.212938,81.70218,54.92569,0.6272466,0
0.8821696,7.244412,12.66963,0.1841298,0.7759615,1.065454,106.8772,42.39954,-0.1050768,0
0.9534818,5.183545,5.333123,0.1364796,0.7595273,1.437851,35.68325,31.0397,1.689205,0
0.9642357,7.067677,11.9225,0.2193878,0.7668239,1.283033,111.5994,54.27289,-0.1905947,0
0.9641111,7.360043,8.362988,0.2155612,0.7633653,1.434446,107.9251,65.31927,-0.1907726,0
0.9293698,6.970631,10.00755,0.1852679,0.7627373,1.393344,73.64671,41.56178,1.142718,0
0.9014776,6.266258,12.59496,0.1996173,0.756963,1.248423,51.45152,22.55454,0.1482003,0
0.9028,7.318408,10.76582,0.245,0.7712126,1.183393,98.30447,52.49232,0.1242268,0
0.9174874,6.255259,12.73128,0.1926692,0.7532623,1.401054,76.45086,33.45703,-0.9144905,0
0.9440699,6.771192,11.59419,0.1549745,0.7650136,1.279635,92.59025,46.79664,-0.2682308,0
0.9324816,7.197283,12.45341,0.2114711,0.7623794,1.516873,97.22131,55.28403,0.5710158,0
0.9400229,7.083117,9.457378,0.205676,0.7614789,1.520122,60.10522,43.51405,1.154462,0
0.8655614,7.123421,16.27553,0.1903529,0.7590503,1.366256,124.3797,44.93357,-0.7918698,0
0.9586245,6.818044,9.926488,0.239477,0.7635036,1.31306,127.0288,44.56974,-1.262949,0
0.914376,7.574557,9.967326,0.1843112,0.7698062,1.665743,79.70291,72.77573,1.101232,0
0.9147339,7.243041,10.79344,0.2021684,0.7785222,1.195363,119.1762,58.37845,-0.5596633,0
0.9590764,6.85699,7.064327,0.2043651,0.7609008,1.443137,102.963,45.91161,-0.7088006,0
0.9444333,7.333145,17.2851,0.1986607,0.7557778,1.477069,133.392,49.74693,-0.619925,0
0.9322764,7.426917,11.88995,0.1591199,0.773146,1.148781,77.95509,54.98307,0.4784284,0
0.8707113,7.423689,12.05719,0.1989796,0.7738232,1.073651,106.6378,52.73833,-0.1613799,0
0.9824257,7.368283,12.31626,0.1272321,0.7542157,1.624568,94.67924,60.75946,0.02466658,0
0.9121225,7.487822,11.15092,0.2244898,0.7737513,1.183239,102.3924,55.06059,0.24006,0
0.9369859,6.243753,11.31208,0.2171556,0.7649037,1.363304,29.72989,33.15081,1.683876,0
0.9741797,7.091121,9.799008,0.1877729,0.7601216,1.51744,113.8449,45.43678,-0.718654,0
0.9661267,7.826442,9.152294,0.1734993,0.7734134,1.21196,94.92413,73.93643,0.6096566,0
0.9597116,7.203,11.76393,0.1951531,0.76894,1.254443,120.9152,57.98121,-0.7085655,0
0.9216291,6.822108,13.53767,0.1967475,0.7641206,1.240003,88.24221,29.69049,0.2326784,0
0.9682624,7.301816,11.79671,0.1801658,0.7673484,1.602789,107.0915,54.71494,-0.04745796,0
0.9408867,6.623632,10.4631,0.1970663,0.7595577,1.527693,83.44744,82.9511,1.29591,0
0.8909379,7.089742,11.56387,0.1721939,0.7763496,1.097149,71.49163,46.59709,1.844161,0
0.9675644,7.138406,7.429741,0.2202381,0.7560642,1.399308,87.07307,40.56781,0.7647498,0
0.9460739,6.36148,10.08767,0.173913,0.7667539,1.326193,113.6355,43.17503,-0.9503224,0
0.9614775,7.100696,9.654127,0.1616709,0.7617702,1.692191,121.8288,44.46264,-0.7535545,0
0.9254747,6.776155,12.58926,0.1871811,0.7585742,1.428401,63.97631,37.39166,0.6320562,0
0.858046,6.204824,15.6514,0.1705995,0.7573407,1.351314,49.24408,21.70885,0.3606285,0
0.9155735,7.263014,9.664417,0.2184311,0.7704768,1.319474,95.99476,43.10369,-0.1975402,0
0.8988786,7.10761,14.03689,0.2091837,0.7722443,1.036719,63.29001,49.39145,1.197235,0
0.9590343,6.530386,4.320805,0.2092331,0.7676724,1.126798,86.74856,48.05804,-0.7101986,0
0.9525374,7.047546,9.373501,0.1658163,0.7665253,1.325561,91.19318,43.46807,0.142314,0
0.8723404,7.601314,9.007216,0.2490434,0.7778143,1.102047,104.165,50.67858,-0.1160377,0
0.9369844,7.30078,11.90497,0.2372449,0.7749438,1.22131,100.2696,45.02967,-0.1461433,0
0.9515209,7.25942,9.67721,0.1661352,0.7646769,1.442497,104.0924,56.48501,0.4416211,0
0.9395221,7.029417,11.22667,0.2232143,0.7733755,1.233327,100.9024,53.47824,-0.5840719,0
0.7879047,6.005871,9.773378,0.1697281,0.7575666,1.421151,54.18413,28.0636,3.709757,0
0.8034697,6.325782,11.84506,0.234375,0.7762368,1.14465,42.58955,28.53385,2.245115,0
0.9576085,6.923975,3.935837,0.1994691,0.7792959,0.8642548,94.57608,61.22772,-0.1580051,0
0.9051563,6.83837,14.24518,0.1645408,0.764197,1.37268,86.8244,31.83037,0.7503799,0
0.8302847,7.542581,12.16366,0.1989796,0.7811155,0.7700097,89.12106,53.31873,0.1953039,0
0.9056285,6.44813,8.533016,0.2509566,0.769829,1.326783,49.78902,32.92857,0.4231836,0
0.9364254,7.194418,11.31501,0.2270408,0.7753904,1.20088,92.28693,54.21409,0.01884027,0
0.9076604,6.44123,12.30895,0.1836735,0.7624072,1.358231,56.53351,30.98646,1.262062,0
0.9362517,6.547887,7.330085,0.2177934,0.7595519,1.35569,71.49792,29.46004,0.864863,0
0.8315629,6.123837,14.86096,0.2066327,0.7654597,1.190919,42.9079,21.62331,1.004738,0
0.9375435,6.943121,8.982682,0.2401148,0.7782006,0.9749435,108.1202,41.7678,-0.7332857,0
0.9767575,6.320301,9.014971,0.1396684,0.7584087,1.721457,118.0016,38.80222,-1.782119,0
0.9610278,6.524332,9.354361,0.1750638,0.7645642,1.533277,116.7726,39.98315,-1.523376,0
0.8394844,6.808273,11.75148,0.252551,0.7769365,1.305208,47.46221,38.78419,1.409923,0
0.9296451,6.111087,11.30921,0.2021684,0.7803742,0.9888521,141.2254,64.95092,0.7737293,0
0.846918,7.479861,12.07185,0.2028061,0.7748547,0.9816225,85.31178,47.23589,0.4950256,0
0.9057671,6.086709,11.60988,0.2174745,0.7693524,1.189697,39.92394,22.1243,1.209408,0
0.9092754,6.87731,11.23963,0.2340561,0.780895,1.24438,114.8189,53.85009,-0.7606848,0
0.9314015,7.517006,14.96425,0.209085,0.7716324,1.153263,113.7657,57.3313,-0.3218355,0
0.9569928,7.389395,12.91848,0.1881378,0.756101,1.369784,100.8973,57.63185,-0.1189888,0
0.9209647,7.497015,9.25514,0.236926,0.7760625,0.953132,116.1643,46.99429,0.00177968,0
0.9489396,7.125982,11.1769,0.1782525,0.7737087,1.38335,127.664,57.54109,-0.5839785,0
0.8762203,7.008309,10.0566,0.1986607,0.7720546,1.229821,57.51266,42.27803,0.8325469,0
0.6247916,6.260715,7.635794,0.3060703,0.7884558,0.6234828,46.91094,19.38637,0.6113809,0
0.8792089,7.276081,9.008237,0.1935587,0.7701317,1.109936,77.99821,52.14954,0.829601,0
0.8345455,6.762961,8.997317,0.2570153,0.778189,0.8393738,67.41498,31.27673,0.1462181,0
0.8939152,7.246424,13.61347,0.2372449,0.7741607,1.22431,157.0589,55.82275,-1.306612,0
0.9469321,7.310085,14.74613,0.1747449,0.7707945,1.361032,77.4109,57.65985,0.8340566,0
0.9003078,6.65693,11.22762,0.2002551,0.7679636,1.440458,65.27746,32.87343,0.6379827,0
0.9021727,7.042249,6.275692,0.232046,0.7727116,0.9654992,65.71077,48.49626,0.7056845,0
0.9472209,6.536381,9.250886,0.1811225,0.7650939,1.510155,116.4967,77.56194,0.8432391,0
0.9206223,6.966431,13.20127,0.1918295,0.7605284,1.396178,74.60779,35.07814,1.047188,0
0.8284754,7.05352,14.20897,0.2018495,0.7715085,1.122716,57.27493,38.44647,0.7684345,0
0.920139,7.540881,9.251349,0.2111756,0.776211,1.057982,112.8952,62.41673,0.286134,0
0.92349,7.453119,12.19222,0.2337372,0.7709494,1.167508,102.093,50.40636,-0.2033875,0
0.8826638,6.736073,12.24899,0.188896,0.7750774,1.066028,43.1443,38.73815,1.399073,0
0.9588456,7.057146,12.35618,0.1717489,0.7603893,1.345419,113.9958,52.78505,-0.06297991,0
0.9067808,7.291784,9.061524,0.2295918,0.7768748,1.186942,65.33282,63.14397,0.7833381,0
0.9133068,6.790829,11.92756,0.182398,0.7624575,1.383128,50.96067,37.48547,1.53192,0
0.948165,7.586389,8.769461,0.2468112,0.7699655,1.469631,119.8799,70.75954,-0.1971013,0
0.9531171,6.659859,8.776175,0.2270408,0.7563304,1.333293,77.34758,39.93459,-0.4581891,0
0.9571325,7.416259,9.416031,0.229273,0.7608775,1.53027,104.9665,57.13452,-0.1299911,0
0.9498198,7.265739,15.78674,0.1523222,0.7629889,1.453152,107.6832,58.4143,-0.4771323,0
0.9156323,5.929127,9.072197,0.1755952,0.7618591,1.230245,39.18776,27.16913,2.254079,0
0.9389967,7.539637,10.96959,0.2003882,0.7757186,1.006889,109.0326,64.34681,-0.2055544,0
0.9498938,7.078509,9.120899,0.213648,0.7763637,1.115938,109.4764,40.9855,-0.5602946,0
0.8820819,6.320424,15.86015,0.1830357,0.7598484,1.297751,57.12017,27.97158,2.017848,0
0.9004206,7.062762,15.67891,0.1780175,0.7617332,1.397947,96.11663,41.49154,-0.4748846,0
0.8417588,6.863727,11.6719,0.1712372,0.7666386,1.266638,64.50883,43.6911,0.8207437,0
0.9541969,6.904643,8.872549,0.1785714,0.7591525,1.519799,89.57178,39.52905,-0.3858765,0
0.9415244,7.090177,13.0004,0.2095025,0.7630332,1.382156,66.31264,43.86458,1.489988,0
0.920656,6.449387,11.31401,0.1957908,0.7621922,1.330136,39.2485,31.09839,1.690994,0
0.9197463,7.345858,11.0294,0.1878189,0.7717056,1.615736,93.79694,67.73901,0.3685031,0
0.8272986,7.129688,5.24492,0.2833675,0.7771658,0.9535772,78.23064,59.74204,0.6143728,0
0.9237719,7.126738,12.14539,0.1642219,0.762105,1.527155,61.20098,41.95515,0.4835727,0
0.9689249,6.82775,11.81161,0.1855867,0.7703316,1.205996,145.1519,57.55262,-1.355759,0
0.9428794,7.581346,7.085784,0.1846301,0.7665928,1.289385,106.0516,57.74556,-0.03330224,0
0.9532325,7.026008,11.74535,0.2047194,0.7698406,1.194854,143.6966,57.55223,-1.194166,0
0.9424532,7.850218,13.31216,0.1890944,0.7687654,1.482835,125.9494,71.89005,-0.1442683,0
0.9411892,6.923272,9.998054,0.2271429,0.7688437,1.463452,105.8635,37.38018,0.828839,0
0.9566463,6.721985,9.783121,0.1808973,0.7612083,1.313431,99.07413,36.67112,-1.014722,0
0.9165466,7.541083,7.957192,0.2302296,0.7852294,1.055519,76.36243,54.37456,0.5680035,0
0.9087963,7.764239,7.043323,0.2107623,0.7898737,0.7602854,92.58524,66.8804,0.3410048,0
0.9022597,7.289749,10.20973,0.1810345,0.7604572,1.716666,93.01923,47.48546,0.9252048,0
0.9599062,7.203979,11.89185,0.2012117,0.7718747,1.132226,61.99214,60.84161,1.155755,0
0.8512195,7.400276,11.91789,0.1951531,0.7721677,1.274407,89.00777,51.73315,0.5771859,0
0.9626254,6.21166,6.561436,0.2289541,0.7643501,1.075278,84.47861,38.74331,-1.218159,0
0.9696749,7.60042,16.2134,0.1817602,0.7628456,1.450996,127.7653,54.19136,0.3632432,0
0.9544791,6.822989,10.85905,0.1996173,0.7774,1.15418,101.5277,44.08942,-0.9192858,0
0.9631075,7.101124,11.63812,0.171875,0.7634508,1.449537,114.2743,50.68156,-0.7050378,0
0.9410689,6.993796,8.985339,0.192602,0.7660679,1.522056,86.92312,47.09309,0.9039369,0
0.9541991,6.825837,12.2481,0.1954719,0.7589533,1.530647,83.59327,33.56171,-0.1888324,0
0.9735057,7.362783,9.301627,0.1776148,0.7560801,1.462976,113.7909,61.38926,0.0399936,0
0.9636282,7.237963,9.462397,0.1677296,0.7632025,1.533515,102.0885,51.06684,-0.5438955,0
0.9437501,7.093264,16.4166,0.1894133,0.7694301,1.103685,109.3465,41.502,0.566598,0
0.8401814,6.820482,12.08004,0.1788903,0.7625448,1.389615,50.27556,53.88182,2.266225,0
0.9176058,7.176561,9.128977,0.3013393,0.7706568,1.132333,75.40919,42.20155,0.6303484,0
0.9549457,7.545562,10.27477,0.2219388,0.7827488,0.9633511,142.7072,71.93647,-0.7518222,0
0.9295041,7.201113,12.06166,0.213648,0.7649622,1.30746,81.34092,48.61672,0.4598206,0
0.7694569,5.103165,12.31643,0.2382015,0.7614259,1.060064,30.58343,9.392321,0.710708,0
0.9099321,6.5786,10.82456,0.2152423,0.7797201,1.075469,102.2636,39.45971,-1.174016,0
0.9450358,7.150267,11.29461,0.2592475,0.7737482,1.242637,81.23422,47.50312,0.02724375,0
0.9303427,6.535903,9.607396,0.21875,0.770053,1.196188,84.94158,31.58248,-0.629844,0
0.9351788,6.663757,11.29249,0.2015306,0.76774,1.316447,50.14508,41.68077,1.574394,0
0.9351172,7.512635,8.730367,0.1574074,0.7624493,1.493944,134.1413,77.97182,0.01097118,0
0.9491554,7.163093,12.77729,0.1581633,0.754447,1.520693,67.70162,50.62633,0.8788683,0
0.969213,7.425982,12.42374,0.1862245,0.7625991,1.349399,94.89747,57.71234,0.03820192,0
0.9432296,7.140251,11.49044,0.2014886,0.7670454,1.212581,72.00105,43.49852,0.5949964,0
0.9584312,7.695551,15.39035,0.1996173,0.7694747,1.157902,119.9419,59.15473,-0.2772176,0
0.9287159,7.680617,9.406764,0.1923355,0.7665284,1.360224,90.13036,62.71158,0.5638925,0
0.9117287,7.741358,15.14426,0.176977,0.7673178,1.412991,110.4496,58.40329,0.382509,0
0.9479202,6.768126,9.11203,0.1916454,0.7642663,1.232144,55.19291,58.39869,1.176653,0
0.9185095,7.162761,9.682664,0.2018495,0.7639059,1.253914,67.62054,41.69373,0.7594723,0
0.9023159,6.714329,10.04868,0.2022873,0.7651592,1.216923,50.98352,30.99786,1.104713,0
0.8205355,6.270631,14.83663,0.2665816,0.7698423,1.039156,108.3073,19.5101,0.566803,0
0.9149173,7.169213,11.98528,0.1859056,0.771545,1.28213,62.64248,45.77557,1.475901,0
0.8925008,6.942657,13.07684,0.190051,0.7679197,1.246412,58.6642,40.58615,1.685836,0
0.9439383,6.647872,12.74688,0.2117347,0.7653684,1.171067,105.3496,37.362,-1.107455,0
0.9609774,7.06497,9.2811,0.2283163,0.7733796,0.997519,124.2292,46.91857,-1.167018,0
0.7981969,6.697541,14.52062,0.2560587,0.7784202,1.150494,89.43207,30.46964,0.3347876,0
0.9730772,7.340367,9.061233,0.1731505,0.7529402,1.459924,101.2687,68.42714,-0.003605644,0
0.8897518,6.631588,12.61558,0.1954719,0.7601215,1.291032,36.46156,30.93689,1.506649,0
0.958197,6.811573,10.83745,0.1645408,0.7711652,1.595952,104.0959,46.44142,-0.7544675,0
0.9631597,6.97317,11.23906,0.1852679,0.7550837,1.504753,88.93625,47.42576,0.2760766,0
0.914285,7.584684,13.16188,0.2077695,0.7691653,1.241821,112.4208,48.74548,0.1278699,0
0.9306,6.670114,8.153537,0.2413903,0.768295,1.228603,51.18579,29.62617,0.0232571,0
0.9044713,7.353659,16.22051,0.1617741,0.7587242,1.356535,82.66825,46.05,0.2299994,0
0.9420327,6.813864,12.39785,0.1814413,0.7550786,1.47845,70.76662,38.18855,0.5713024,0
0.957989,7.189299,9.396585,0.1977041,0.7706321,1.233033,91.20078,42.93553,-0.1997809,0
0.9550602,7.223967,12.77701,0.1795281,0.7597705,1.549069,87.97172,46.9332,0.6548974,0
0.8744416,5.752641,11.61149,0.1554864,0.7621589,1.307202,67.82394,26.4536,2.24155,0
0.8715068,6.665534,11.18763,0.2302296,0.7777115,0.9952466,71.8224,32.68624,0.252814,0
0.9388224,7.333645,4.599133,0.2486065,0.7748194,1.049,66.99837,51.09188,0.9506232,0
0.9762276,7.171018,5.121861,0.1825802,0.7640229,1.271082,114.9269,44.43416,-0.8126691,0
0.9602312,7.118921,11.91505,0.2203444,0.7578482,1.385955,69.5436,51.78902,0.6153826,1
0.9481878,7.514701,11.7521,0.2059949,0.7698264,1.077197,90.41323,60.45113,0.3881053,1
0.9561676,7.35172,9.963916,0.1962617,0.7658884,1.51467,91.91339,58.33946,0.3555487,1
0.9332365,7.365867,11.29077,0.2101191,0.7627157,1.539629,116.101,65.51307,-0.2631017,1
0.9094607,7.653822,6.67786,0.2338205,0.779089,1.255595,103.6964,49.77786,0.1136419,1
0.9069355,7.381988,15.8253,0.182398,0.770751,1.119957,107.9179,42.71219,0.413731,1
0.8653354,7.484167,8.557974,0.2139668,0.7699007,1.258345,76.91685,54.51554,0.8142605,1
0.7954474,7.336384,11.7607,0.190051,0.7828841,0.9330122,75.48853,53.35639,0.7259514,1
0.9502659,7.578506,9.858721,0.198524,0.7563242,1.597203,132.9946,57.62697,-0.5471805,1
0.9596675,7.376034,12.1078,0.1808036,0.7566472,1.480938,89.37188,57.30457,0.3542725,1
0.8606636,5.969483,11.19397,0.170614,0.7635107,1.28921,25.47497,29.93223,3.625764,1
0.9581606,7.003866,12.38852,0.1983418,0.7573774,1.421601,106.1407,48.70181,-0.4829565,1
0.9492303,7.614069,9.592025,0.1836735,0.7714992,1.109891,119.459,53.68635,-0.03521009,1
0.9219437,7.054058,12.48117,0.2044005,0.7706812,1.213173,111.0116,47.32207,-0.2124325,1
0.9608954,7.591078,9.395854,0.2334184,0.7690378,1.428099,154.9061,56.59145,-0.6933333,1
0.9216648,7.500601,16.50283,0.2091837,0.7636063,1.23438,141.8027,51.91527,-0.1250484,1
0.9271846,6.768466,10.57797,0.2044005,0.7723851,1.256143,45.26997,52.06185,1.941915,1
0.9457654,7.001914,6.848349,0.2101403,0.7601482,1.249703,77.88576,47.38578,0.1355572,1
0.8854349,7.580053,15.81549,0.1875,0.7640533,1.269881,107.1018,48.48562,0.1449073,1
0.9314877,6.686199,10.11648,0.1827168,0.7615564,1.43153,55.10362,38.86715,2.087387,1
0.9515508,7.18666,12.70792,0.1875,0.7614259,1.458787,106.2904,42.99901,-0.3986315,1
0.9552597,7.44474,10.09666,0.2123725,0.7642102,1.418518,133.929,52.77864,-0.4833225,1
0.9008133,7.089256,9.691285,0.2146046,0.7661125,1.270989,57.26456,42.54399,1.33222,1
0.8893729,7.067709,8.319747,0.2091837,0.7739056,1.14706,101.3097,52.77244,-0.3691066,1
0.9189532,7.184605,11.52578,0.1929209,0.7718849,1.236955,95.75988,59.81786,-0.05643253,1
0.9150654,7.34307,6.989798,0.2241709,0.7711244,1.179622,69.62376,46.95135,0.6395966,1
0.939241,7.136193,13.11343,0.1992985,0.7574514,1.399129,76.16767,42.61856,0.5623469,1
0.9420288,6.80174,9.04575,0.1726672,0.7571447,1.3717,67.25249,36.18227,0.6413224,1
0.8899961,7.485293,11.33293,0.2085459,0.7716255,1.191884,79.27166,59.92873,0.4947072,1
0.9724579,7.272209,8.886559,0.1619898,0.7612816,1.508022,101.8971,76.32205,0.08105387,1
0.9127494,7.489152,11.73881,0.174426,0.7720586,1.26317,93.643,67.74066,0.4737274,1
0.9075418,7.123965,7.01261,0.250996,0.7755017,1.070211,75.11013,60.90529,0.2685333,1
0.9419178,7.051235,11.64307,0.200574,0.7674142,1.20344,89.85636,50.62778,0.2730452,1
0.8995289,7.71287,16.50851,0.2257653,0.7622824,1.297004,109.5244,56.89038,0.5734829,1
0.9238794,7.424938,7.013929,0.2638889,0.7772878,1.372654,88.78909,43.92873,0.0519801,1
0.9091471,7.1138,7.893224,0.1961097,0.7602279,1.593367,61.36227,63.49379,1.231234,1
0.9261488,7.05111,10.16959,0.1558608,0.7681251,1.475301,58.62577,52.14152,1.098485,1
0.9328368,7.092772,6.473725,0.1970663,0.7676449,1.409651,86.87559,46.93074,0.03796903,1
0.917639,7.23512,8.313136,0.2133291,0.7720793,1.157606,90.82351,55.89157,-0.1598478,1
0.8444026,7.245153,8.687841,0.1741405,0.7728798,1.218108,82.42691,52.37606,1.235271,1
0.9239341,7.059353,17.22073,0.203125,0.7550318,1.522251,74.85505,37.63595,1.546509,1
0.8991351,7.271533,11.70463,0.2047194,0.7711058,1.373545,75.66943,48.97317,0.6237075,1
0.9512933,7.748537,9.64759,0.2075893,0.7733747,1.327396,132.3074,60.48744,-0.3012988,1
0.9392687,7.233579,16.08663,0.2104592,0.76372,1.309489,167.4522,53.14064,-0.6983223,1
0.972489,7.194044,8.721684,0.1635842,0.7601645,1.669859,138.8264,72.09,-0.6850217,1
0.9381846,7.165859,14.61986,0.1804847,0.7637165,1.423474,126.0939,50.0748,-0.4968631,1
0.953892,6.256091,7.936835,0.1702806,0.7581917,1.455361,66.18331,36.21982,0.3541317,1
0.9435052,7.623547,11.58416,0.205676,0.7757971,1.075559,122.2506,71.33877,-0.1698025,1
0.9110313,7.410614,8.951969,0.2403698,0.7751798,1.11487,88.97196,49.98001,0.02554707,1
0.9022523,6.828301,9.561202,0.2206633,0.7709702,1.173178,66.44608,32.95816,-0.03882528,1
0.9783255,5.508156,9.764347,0.2139668,0.7620247,1.46692,113.2041,102.8487,0.5527655,1
0.922269,7.673131,9.072815,0.2289541,0.7724434,1.223677,125.2087,64.52228,-0.3043469,1
0.8981189,7.285354,11.7621,0.2270408,0.7720531,1.230936,84.83323,51.25043,0.1318073,1
0.9047354,7.328766,12.62687,0.2193878,0.7718676,1.126488,83.70708,43.99685,0.005478939,1
0.8663506,7.409423,10.75204,0.2079082,0.77543,0.9513135,95.82555,55.54287,0.104828,1
0.9019784,7.488658,14.92507,0.2276786,0.7781514,1.222396,77.93829,52.18587,1.077072,1
0.9290145,7.430839,12.60383,0.2241709,0.7713963,1.31875,90.73025,52.51948,0.2943049,1
0.8932729,7.342187,8.906032,0.2158801,0.7750881,1.192455,71.58594,53.25619,0.8818932,1
0.9545144,7.616703,11.0982,0.2248087,0.773697,1.491047,110.5015,71.49969,0.009503921,1
0.840655,6.978747,9.985611,0.2611607,0.7821636,0.8210031,101.3871,49.08604,-0.4715489,1
0.8203968,6.308991,11.26716,0.2066327,0.7661633,1.298042,67.76057,37.08746,0.6187398,1
0.9564567,6.647316,8.734759,0.1951531,0.7701906,1.594018,142.1981,53.33728,-1.583082,1
0.9563695,7.690779,13.50422,0.192936,0.7660199,1.515505,135.9672,63.02436,-0.337144,1
0.9297302,7.572121,16.75691,0.1658163,0.7606333,1.355855,124.752,60.2028,0.01490974,1
0.8800228,6.825408,14.55348,0.1941964,0.7651473,1.427716,50.50916,37.68134,1.074479,1
0.9343864,7.575019,12.61035,0.2257653,0.774442,1.29245,79.65952,54.58187,0.5063683,1
0.9540239,7.210833,9.668128,0.2244898,0.7736656,1.172978,176.0155,49.75547,-1.627823,1
0.8756305,7.457588,6.433356,0.2200255,0.7690752,1.307754,81.79089,56.84664,0.3974885,1
0.946615,7.542706,13.50248,0.1935587,0.7584053,1.379188,90.14219,52.69122,0.2774228,1
0.9415914,7.778465,8.67798,0.2429847,0.771448,1.07941,114.0455,74.04276,0.08340945,1
0.8730897,7.225359,13.14224,0.1852679,0.7683256,1.189706,78.00534,51.64603,0.6126629,1
0.8589399,7.416443,8.825986,0.2197066,0.7791249,1.304646,83.3097,50.77554,0.2909715,1
0.878656,7.389726,8.971133,0.2165179,0.7736021,1.006015,84.72945,52.32723,0.1976869,1
0.9049308,7.343659,16.68661,0.1820791,0.7619016,1.312489,98.6193,46.85564,0.4844122,1
0.9044434,7.731622,14.82598,0.2142857,0.7717332,1.143932,102.3366,67.37567,0.1503634,1
0.9606912,6.313407,12.01331,0.2235332,0.7666878,1.598096,133.918,77.82618,0.6521643,1
0.9109271,7.415767,13.09942,0.2254464,0.7694458,1.239215,98.81625,48.525,0.01187165,1
0.897856,7.436782,10.05381,0.1904412,0.7621628,1.519826,72.52499,52.39148,1.309505,1
0.9119017,7.46984,13.01839,0.2012117,0.766879,1.361,94.80479,46.03274,0.02210448,1
0.8951435,7.428237,10.73677,0.2346939,0.7793395,1.034164,141.9101,63.04691,-0.8612215,1
0.9148847,6.14366,11.54748,0.1782525,0.7594827,1.350701,32.68462,26.56732,1.801396,1
0.940439,7.418139,12.06745,0.1935587,0.7640098,1.51747,70.92365,57.32986,0.6385977,1
0.9331232,7.03814,13.8569,0.2184311,0.7611841,1.476779,120.471,40.98915,-0.8625395,1
0.9428409,6.908613,8.652834,0.1938775,0.7726945,1.146821,72.46013,46.45349,0.5776539,1
0.9069091,6.83384,11.24333,0.2155612,0.774219,0.9978596,44.36766,50.82443,1.665819,1
0.956272,7.712881,12.69867,0.2421703,0.7676578,1.719996,113.3549,73.83198,0.4006951,1
0.882679,7.351617,9.528751,0.2200255,0.7693675,1.267195,58.33578,54.50654,1.346664,1
0.9588625,7.219403,11.74208,0.192602,0.7643859,1.264879,74.85031,58.54776,0.8931097,1
0.9409598,5.656635,7.849731,0.1639031,0.7568888,1.334427,32.50803,25.07965,3.002997,1
0.9588651,6.771582,12.1504,0.1626275,0.7597022,1.53552,64.35434,46.37297,0.7276211,1
0.9429669,7.28802,11.77131,0.2034439,0.7689971,1.55649,68.89779,57.4599,0.6634535,1
0.9595792,7.481834,13.01834,0.2279975,0.761403,1.372127,82.63912,60.13136,0.9450132,1
